<?xml version="1.0" encoding="utf-8"?>
<Unit ID="0 31" name="surveyor">
  <Header>
    <Author name="Someone">
      <Editor name="Someone" time="2007-09-30 13:05:00"/>
    </Author>
    <Game_Version text="0.2.5"/>
  </Header>
  <Description lang="ENG">
    Surveyor\n\nLight, amphibious vehicle with sophisticated sensors for detecting underground minerals and enemy mines. Unlike most amphibious units, surveyors are just as fast on water an on Land.
  </Description>

  <Production>
    <Built_Costs Num="9"/>
    <Build_As String="SmallGroundVehicle"/>
  </Production>

  <Movement>
    <Movement_Sum Num="7"/>
    <Factor_Ground Num="1"/>
    <Factor_Sea Num="1"/>
    <Factor_Coast Num="1"/>
  </Movement>

  <Abilities>
    <Armor Num="4"/>
    <Hitpoints Num="16"/>
    <Scan_Range Num="3"/>
    <Can_Be_Captured YN="Yes"/>
    <Can_Be_Disabled YN="Yes"/>
    <Can_Detect_Mines YN="Yes"/>
    <Can_Survey YN="Yes"/>

    <Can_Detect_Stealth_On Num="32"/>
  </Abilities>

  <Storage>
    <Is_Storage_Type String="Ground"/>
  </Storage>
</Unit>
