<?xml version="1.0" encoding="utf-8"?>
<Unit ID="0 7" name="assault">
  <Header>
    <Author name="Someone">
      <Editor name="Someone" time="2007-09-30 13:05:00"/>
    </Author>
    <Game_Version text="0.2.5"/>
  </Header>
  <Description lang="ENG">
    Assault Gun\n\nLightly armored vehicle with a long range gun firing high-explosive shells. Fast and effective on the attack, but fragile.
  </Description>

  <Weapon>
    <Muzzle_Type Const="Big"/>
    <Ammo_Quantity Num="14"/>
    <Can_Attack Num="6"/>
    <Shots Num="2"/>
    <Range Num="6"/>
    <Damage Num="18"/>
  </Weapon>
  
  <Production>
    <Built_Costs Num="24"/>
    <Build_As String="BigGroundVehicle"/>
  </Production>

  <Movement>
    <Movement_Sum Num="12"/>
    <Factor_Ground Num="1"/>
  </Movement>

  <Abilities>
    <Armor Num="4"/>
    <Hitpoints Num="24"/>
    <Scan_Range Num="5"/>
    <Can_Be_Captured YN="Yes"/>
    <Can_Be_Disabled YN="Yes"/>
  </Abilities>

  <Storage>
    <Is_Storage_Type String="Ground"/>
  </Storage>
</Unit>
