<?xml version="1.0" encoding="utf-8"?>
<Unit ID="0 8" name="awac">
  <Header>
    <Author name="Someone">
      <Editor name="Someone" time="2007-09-30 13:05:00"/>
    </Author>
    <Game_Version text="0.2.5"/>
  </Header>
  <Description lang="ENG">
    AWAC\n\nAirborne Warning And Control plane. Basically a flying radar dish, an AWAC is essential to spot enemy anti aircraft before your planes fly info firing range.
  </Description>

  <Production>
    <Built_Costs Num="18"/>
    <Build_As String="Plane"/>
  </Production>

  <Movement>
    <Movement_Sum Num="18"/>
    <Factor_Air Num="1"/>
  </Movement>

  <Abilities>
    <Armor Num="4"/>
    <Hitpoints Num="18"/>
    <Scan_Range Num="12"/>
    <Can_Be_Captured YN="Yes"/>
    <Can_Be_Disabled YN="Yes"/>
  </Abilities>

  <Storage>
    <Is_Storage_Type String="Plane"/>
  </Storage>
</Unit>
