<?xml version="1.0" encoding="utf-8"?>
<Unit ID="0 29" name="sea_transport">
  <Header>
    <Author name="Someone">
      <Editor name="Someone" time="2007-09-30 13:05:00"/>
    </Author>
    <Game_Version text="0.2.5"/>
  </Header>
  <Description lang="ENG">
    Sea Transport\n\nHeavily armored ship with space to carry up to six land units. Sea transports are much slower than air transports, but also much more likely to survive an enemy attack.
  </Description>
  
  <Production>
    <Built_Costs Num="12"/>
    <Build_As String="Ship"/>
  </Production>

  <Movement>
    <Movement_Sum Num="7"/>
    <Factor_Sea Num="1"/>
    <Factor_Coast Num="1"/>
  </Movement>

  <Abilities>
    <Armor Num="12"/>
    <Hitpoints Num="32"/>
    <Scan_Range Num="3"/>
    <Can_Be_Captured YN="Yes"/>
    <Can_Be_Disabled YN="Yes"/>
  </Abilities>

  <Storage>
    <Capacity_Units Num="6"/>
    <Capacity_Units_Image_Type Const="Tank"/>
    <Capacity_Units_Type String="Ground+Human"/>
    <Is_Storage_Type String="Ship"/>
  </Storage>
</Unit>
