<?xml version="1.0" encoding="utf-8"?>
<Unit ID="0 22" name="missel_ship">
  <Header>
    <Author name="Someone">
      <Editor name="Someone" time="2007-09-30 13:05:00"/>
    </Author>
    <Game_Version text="0.2.5"/>
  </Header>
  <Description lang="ENG">
    Missile Cruiser\n\nShip mounted missile launcher. Excellent range, high attack strength, and medium armor makes this a powerful unit.
  </Description>

  <Weapon>
    <Muzzle_Type Const="Rocket"/>
    <Ammo_Quantity Num="10"/>
    <Can_Attack Num="6"/>
    <Shots Num="1"/>
    <Range Num="10"/>
    <Damage Num="28"/>
  </Weapon>

  <Production>
    <Built_Costs Num="36"/>
    <Build_As String="Ship"/>
  </Production>

  <Movement>
    <Movement_Sum Num="7"/>
    <Factor_Sea Num="1"/>
  </Movement>

  <Abilities>
    <Armor Num="6"/>
    <Hitpoints Num="28"/>
    <Scan_Range Num="4"/>
    <Can_Be_Captured YN="Yes"/>
    <Can_Be_Disabled YN="Yes"/>
  </Abilities>

  <Storage>
    <Is_Storage_Type String="Ship"/>
  </Storage>
</Unit>
