<?xml version="1.0" encoding="utf-8"?>
<Unit ID="0 20" name="minelayer">
  <Header>
    <Author name="Someone">
      <Editor name="Someone" time="2007-09-30 13:05:00"/>
    </Author>
    <Game_Version text="0.2.5"/>
  </Header>
  <Description lang="ENG">
    Mine Layer\n\nMinelayers are specialized construction vehicles which place, detect, and remove mines. Minelayers convert onboard raw materials into mines. They can also remove those mines later and convert them back into materials. They cannot remove enemy minefields - those must be exploded with gunfire and rockets.
  </Description>

  <Production>
    <Built_Costs Num="9"/>
    <Build_As String="SmallGroundVehicle"/>
  </Production>

  <Movement>
    <Movement_Sum Num="7"/>
    <Factor_Ground Num="1"/>
  </Movement>

  <Abilities>
    <Armor Num="4"/>
    <Hitpoints Num="24"/>
    <Scan_Range Num="4"/>
    <Can_Be_Captured YN="Yes"/>
    <Can_Be_Disabled YN="Yes"/>
    <Can_Detect_Mines YN="Yes"/>
    <Can_Place_Mines YN="Yes"/>
    <Can_Detect_Stealth_On Num="32"/>
  </Abilities>

  <Storage>
    <Capacity_Resources Num="16"/>
    <Capacity_Res_Type Const="Metal"/>
    <Is_Storage_Type String="Ground"/>
  </Storage>
</Unit>
