<?xml version="1.0" encoding="utf-8"?>
<Unit ID="1 1" name="baracks">
  <Header>
    <Author name="Someone">
      <Editor name="Someone" time="2007-09-30 13:05:00"/>
    </Author>
    <Game_Version text="0.2.5"/>
  </Header>
  <Description lang="ENG">
    Barracks\n\nA barracks holds infiltrators and infantery units. Inside the barracks is a machine shop for repairing and improving powered suits, and for manufacturing ammunition. The barracks needs raw materials to repair, upgrade or resupply, so it should be connected to a storage unit or a minig station.
  </Description>

  <Production>
    <Built_Costs Num="10"/>
    <Build_As String="BigBuilding"/>
  </Production>

  <Movement>
    <Factor_Ground Num="1"/>
  </Movement>

  <Abilities>
    <Is_Big YN="Yes"/>
    <Connects_To_Base YN="Yes"/>
    <Armor Num="12"/>
    <Hitpoints Num="56"/>
    <Scan_Range Num="3"/>
    <Can_Be_Disabled YN="Yes"/>
    <Does_Self_Repair YN="Yes"/>
    <Can_Self_Destroy YN="Yes"/>
    <Can_Repair YN="Yes"/>
    <Can_Rearm YN="Yes"/>
  </Abilities>

  <Storage>
    <Capacity_Units Num="12"/>
    <Capacity_Units_Image_Type Const="Human"/>
    <Capacity_Units_Type String="Human"/>
  </Storage>
</Unit>


