<?xml version="1.0" encoding="utf-8"?>
<Unit ID="0 30" name="sub">
  <Header>
    <Author name="Someone">
      <Editor name="Someone" time="2007-09-30 13:05:00"/>
    </Author>
    <Game_Version text="0.2.5"/>
  </Header>
  <Description lang="ENG">
    Submarine\n\nLurking beneath the surface, submarines can sneak close to the enemy to fire their powerful torpedoes. Submarines do not carry active sonar, which might reveal their positions. Only corvettes can spot a submarine before it fires. Only submarines, corvettes, and ground attack planes can attack them.
  </Description>

  <Weapon>
    <Muzzle_Type Const="Torpedo"/>
    <Ammo_Quantity Num="24"/>
    <Can_Attack Num="18"/>
    <Shots Num="2"/>
    <Range Num="4"/>
    <Damage Num="20"/>
  </Weapon>

  <Production>
    <Built_Costs Num="18"/>
    <Build_As String="Ship"/>
  </Production>

  <Movement>
    <Movement_Sum Num="6"/>
    <Factor_Sea Num="1"/>
  </Movement>

  <Abilities>
    <Armor Num="2"/>
    <Hitpoints Num="24"/>
    <Scan_Range Num="7"/>
    <Can_Be_Captured YN="Yes"/>
    <Can_Be_Disabled YN="Yes"/>

    <Is_Stealth_On Num="2"/>
  </Abilities>

  <Storage>
    <Is_Storage_Type String="Ship"/>
  </Storage>
</Unit>
