<?xml version="1.0" encoding="utf-8"?>
<Unit ID="1 26" name="radar">
  <Header>
    <Author name="Someone">
      <Editor name="Someone" time="2007-09-30 13:05:00"/>
    </Author>
    <Game_Version text="0.2.5"/>
  </Header>
  <Description lang="ENG">
    Radar\n\nStationary, long-range radar. Longer-range units like missile launchers and artillery cannot fire on what thay cannot see, so it's important to have a scanner or radar nearby.
  </Description>

  <Production>
    <Built_Costs Num="18"/>
    <Build_As String="SmallBuilding"/>
  </Production>

  <Movement>
    <Factor_Ground Num="1"/>
  </Movement>

  <Abilities>
    <Connects_To_Base YN="Yes"/>
    <Armor Num="8"/>
    <Hitpoints Num="18"/>
    <Scan_Range Num="18"/>
    <Can_Be_Disabled YN="Yes"/>
    <Can_Self_Destroy YN="Yes"/>
  </Abilities>
</Unit>


