<?xml version="1.0" encoding="utf-8"?>
<VehicleData>
	<Header>
		<Author name="DoctorDeath">
			<Editor name="DoctorDeath"/>
		</Author>
		<Version text="00.00.01"/>
		<Last_Change time="2007-10-02 19:51:00"/>
	</Header>
	<Vehicles>
    <Scout directory="scout" num="27"/>
    <Surveyor directory="surveyor" num="31"/>
    <APC directory="apc" num="6"/>
    <Pionier directory="pionier" num="24"/>
    <Konstruktor directory="konstrukt" num="19"/>
    <Infantery directory="infantery" num="18"/>
    <Tank directory="tank" num="32"/>
    <Mobile_AA directory="mobile_aa" num="23"/>
    <Assault directory="assault" num="7"/>
    <Cluster directory="cluster" num="12"/>
    <Commando directory="commando" num="13"/>
    <Missellauncher directory="missel" num="21"/>
    <Minelayer directory="minelayer" num="20"/>
    <Scanner directory="scanner" num="26"/>
    <Transporter_Metal directory="trans_metal" num="34"/>
    <Transporter_Gold directory="trans_gold" num="33"/>
    <Transporter_Oil directory="trans_oil" num="35"/>
    <Bulldozer directory="bulldozer" num="10"/>
    <Repair directory="repair" num="25"/>
    <Escort directory="escort" num="15"/>
    <Corvet directory="corvet" num="14"/>
    <Submarine directory="sub" num="30"/>
    <Gunboat directory="gunboat" num="17"/>
    <Missel_Ship directory="missel_ship" num="22"/>
    <Sea_Transporter directory="sea_transport" num="29"/>
    <Cargoship directory="cargoship" num="11"/>
    <Sea_Minelayer directory="sea_minelayer" num="28"/>
    <Fighter directory="fighter" num="16"/>
    <Bomber directory="bomber" num="9"/>
    <Air_Transporter directory="air_transport" num="1"/>
    <AWAC directory="awac" num="8"/>
    <!-- <Alien_Assault directory="alien_assault" num="2"/>
		<Alien_Plane directory="alien_plane" num="3"/>
		<Alien_Ship directory="alien_ship" num="4"/>
		<Alien_Tank directory="alien_tank" num="5"/> -->
  </Vehicles>
</VehicleData>

