<?xml version="1.0" encoding="utf-8"?>
<Unit ID="1 8" name="energy small">
  <Header>
    <Author name="Someone">
      <Editor name="Someone" time="2007-09-30 13:05:00"/>
    </Author>
    <Game_Version text="0.2.5"/>
  </Header>
  <Description lang="ENG">
    Power Generator\n\nA power generator consumes two fuel each turn, and provides enough power for one mining station or factory. The power generator must be connected to the fuel source (minig station or fuel tank) and the building that needs the power.
  </Description>

  <Production>
    <Built_Costs Num="8"/>
    <Build_As String="SmallBuilding"/>
  </Production>

  <Movement>
    <Factor_Ground Num="1"/>
  </Movement>

  <Abilities>
    <Connects_To_Base YN="Yes"/>
    <Armor Num="8"/>
    <Hitpoints Num="14"/>
    <Scan_Range Num="3"/>
    <Can_Be_Disabled YN="Yes"/>
    <Does_Self_Repair YN="Yes"/>

    <Needs_Energy Num="-1"/>
    <Needs_Oil Num="2"/>

    <Is_Activatable YN="Yes"/>
    <Can_Self_Destroy YN="Yes"/>
  </Abilities>
</Unit>


