<?xml version="1.0" encoding="utf-8"?>
<Unit ID="1 3" name="bridge">
  <Header>
    <Author name="Someone">
      <Editor name="Someone" time="2007-09-30 13:05:00"/>
    </Author>
    <Game_Version text="0.2.5"/>
  </Header>
  <Description lang="ENG">
    Bridge\n\nPontoon bridge for crossing water. Bridges, unlike water platforms, do not block the movement of ships.
  </Description>

  <Production>
    <Built_Costs Num="2"/>
    <Build_As String="SmallBuilding"/>
  </Production>

  <Movement>
    <Factor_Sea Num="1"/>
    <Factor_Coast Num="1"/>
  </Movement>

  <Abilities>
    <Armor Num="8"/>
    <Hitpoints Num="20"/>
    <Scan_Range Num="1"/>
    <Can_Self_Destroy YN="Yes"/>
    <Surface_Position Const="AboveSea"/>
  </Abilities>
</Unit>


