<?xml version="1.0" encoding="utf-8"?>
<Unit ID="1 3" name="bridge">
  <Header>
    <Author name="Someone">
      <Editor name="Someone" time="2007-09-30 13:05:00"/>
    </Author>
    <Game_Version text="0.2.5"/>
  </Header>

  <Graphic>
    <Has_Clan_Logos YN="No"/>
    <Has_Corpse YN="No"/>
    <Has_Damage_Effect YN="No"/>
    <Has_Beton_Underground YN="No"/>
    <Has_Player_Color YN="Yes"/>
    <Has_Overlay YN="No"/>
    <Animations>
      <Build_Up YN="No"/>
      <Movement YN="No"/>
      <Power_On YN="No"/>
      <Is_Animated YN="No"/>
      <Makes_Tracks YN="No"/>
    </Animations>
  </Graphic>
  
</Unit>


