<?xml version="1.0" encoding="utf-8"?>
<Unit ID="0 17" name="gunboat">
  <Header>
    <Author name="Someone">
      <Editor name="Someone" time="2007-09-30 13:05:00"/>
    </Author>
    <Game_Version text="0.2.5"/>
  </Header>
  <Description lang="ENG">
    Gunboat\n\nHeavily armored ship with a high caliber, medium range cannon. Excellent at destroying other ships and bombing shore targets.
  </Description>

  <Weapon>
    <Muzzle_Type Const="Big"/>
    <Ammo_Quantity Num="14"/>
    <Can_Attack Num="6"/>
    <Shots Num="2"/>
    <Range Num="7"/>
    <Damage Num="20"/>
  </Weapon>

  <Production>
    <Built_Costs Num="24"/>
    <Build_As String="Ship"/>
  </Production>

  <Movement>
    <Movement_Sum Num="7"/>
    <Factor_Sea Num="1"/>
  </Movement>

  <Abilities>
    <Armor Num="12"/>
    <Hitpoints Num="32"/>
    <Scan_Range Num="4"/>
    <Can_Be_Captured YN="Yes"/>
    <Can_Be_Disabled YN="Yes"/>
  </Abilities>

  <Storage>
    <Is_Storage_Type String="Ship"/>
  </Storage>
</Unit>
