<?xml version="1.0" encoding="utf-8"?>
<!--   Hier können die gewünschten Tastenkombinationen für die Aktionen             -->
<!--   eingetragen werden.                                                          -->
<!--   Für Mauseistellungen siehe Abschnitt <Mouse>                                 -->
<!--   Die folgende Liste führt alle verfügbaren Tasten auf                         -->
<!--   (ACHTUNG: Es gilt die englische Tastatur):                                   -->
<!--   BACKSPACE,TAB,CLEAR,RETURN,PAUSE,ESCAPE,SPACE,EXCLAIM,QUOTEDBL,              -->
<!--   HASH,DOLLAR,AMPERSAND,QUOTE,LEFTPAREN,RIGHTPAREN,ASTERISK,PLUS,COMMA,        -->
<!--   MINUS,PERIOD,SLASH,0,1,2,3,4,5,6,7,8,9,COLON,SEMICOLON,LESS,EQUALS,          -->
<!--   GREATER,QUESTION,AT,LEFTBRACKET,BACKSLASH,RIGHTBRACKET,CARET,UNDERSCORE,     -->
<!--   BACKQUOTE,A,B,C,D,E,F,G,H,I,J,K,L,M,N,O,P,Q,R,S,T,U,V,W,X,Y,Z,DELETE,KP0,    -->
<!--   KP1,KP2,KP3,KP4,KP5,KP6,KP7,KP8,KP9,KP_PERIOD,KP_DIVIDE,KP_MULTIPLY,         -->
<!--   KP_MINUS,KP_PLUS,KP_ENTER,KP_EQUALS,UP,DOWN,RIGHT,LEFT,INSERT,HOME,END,      -->
<!--   PAGEUP,PAGEDOWN,F1,F2,F3,F4,F5,F6,F7,F8,F9,F10,F11,F12,F13,F14,F15,NUMLOCK,  -->
<!--   CAPSLOCK,SCROLLOCK,RSHIFT,LSHIFT,RCTRL,LCTRL,RALT,LALT,RMETA,LMETA,LSUPER,   -->
<!--   RSUPER,MODE,COMPOSE,HELP,PRINT,SYSREQ,BREAK,MENU,POWER,EURO,UNDO             -->
<!--   Tasten können auch doppelt vergeben werden. Zu beachten ist dabei, dass sie  -->
<!--   in der selben Reihe abgefragt werden, wie in der unteren Liste aufgeführt    -->
<!--   Feste Hotkeys, die nicht doppelt vergeben werden sollten sind:               -->
<!--   (ALT+)F5-F8 ; ALT+C ; ALT+RETURN                                             -->
<Controles>
	<Keys>
		<KeyExit Text="ESCAPE"/>
		<KeyJumpToAction Text="F1"/>
		<KeyEndTurn Text="RETURN"/>
		<KeyChat Text="TAB"/>
		<KeyScroll8a Text="UP"/>
		<KeyScroll8b Text="KP8"/>
		<KeyScroll2a Text="DOWN"/>
		<KeyScroll2b Text="KP2"/>
		<KeyScroll6a Text="RIGHT"/>
		<KeyScroll6b Text="KP6"/>
		<KeyScroll4a Text="LEFT"/>
		<KeyScroll4b Text="KP4"/>
		<KeyScroll7 Text="KP7"/>
		<KeyScroll9 Text="KP9"/>
		<KeyScroll1 Text="KP1"/>
		<KeyScroll3 Text="KP3"/>
		<KeyZoomIna Text="RIGHTBRACKET"/>
		<KeyZoomInb Text="KP_PLUS"/>
		<KeyZoomOuta Text="SLASH"/>
		<KeyZoomOutb Text="KP_MINUS"/>
    <KeyCalcPath Text="LSHIFT"/>
    <KeyCenterUnit Text="F"/>
    <KeyUnitMenuAttack Text="A"/>
    <KeyUnitMenuBuild Text="B"/>
    <KeyUnitMenuTransfer Text="X"/>
    <KeyUnitMenuAutomove Text="A"/>
    <KeyUnitMenuStart Text="S"/>
    <KeyUnitMenuStop Text="S"/>
    <KeyUnitMenuClear Text="C"/>
    <KeyUnitMenuSentry Text="S"/>
	<KeyUnitMenuManualFire Text="M"/>
    <KeyUnitMenuActivate Text="A"/>
    <KeyUnitMenuLoad Text="L"/>
    <KeyUnitMenuReload Text="R"/>
    <KeyUnitMenuRepair Text="R"/>
    <KeyUnitMenuLayMine Text="L"/>
    <KeyUnitMenuClearMine Text="C"/>
    <KeyUnitMenuDisable Text="D"/>
    <KeyUnitMenuSteal Text="S"/>
    <KeyUnitMenuInfo Text="H"/>
    <KeyUnitMenuDistribute Text="D"/>
    <KeyUnitMenuResearch Text="R"/>
    <KeyUnitMenuUpgrade Text="U"/>
    <KeyUnitMenuDestroy Text="D"/>
    <KeyFog Text="N"/>
    <KeyGrid Text="G"/>
    <KeyScan Text="S"/>
    <KeyRange Text="R"/>
    <KeyAmmo Text="M"/>
    <KeyHitpoints Text="T"/>
    <KeyColors Text="F"/>
    <KeyStatus Text="P"/>
    <KeySurvey Text="H"/>
	</Keys>
	<!--   In diesem Abschnitt kann man bestimmen, auf welche Art die Maustasten  -->
	<!--   	benutzt werden können.                                                -->
	<!--   Folgende Einstellungen sind möglich:                                   -->
	<!--   MODERN - Deselect mit Rechtsklick, auswählen mit Linksklick,           -->
	<!--   	durchblättern mehrerer Einheiten mit Rechtsklick, Hilfe übers         -->
	<!--   	übers Menü, oder per Fragezeichen                                     -->
	<!--   OLD_SCHOOL - Hilfe mit Rechtsklick, wenn über Objekt, ansonsten        -->
	<!--   	Deselect, auswählen mit Linksklick, durchblättern mehrerer            -->
	<!--   	Einheiten durch gedrückthalten von Links und dann drücken von         -->
	<!--   	Rechts                                                                -->
	<Mouse>
		<MOUSE_STYLE Text="MODERN"/>
	</Mouse>
</Controles>