<?xml version="1.0" encoding="utf-8"?>
<Unit ID="0 26" name="scanner">
  <Header>
    <Author name="Someone">
      <Editor name="Someone" time="2007-09-30 13:05:00"/>
    </Author>
    <Game_Version text="0.2.5"/>
  </Header>
  <Description lang="ENG">
    Scanner\n\nMobile radar platform. Slower and more expensive than a scout, but with a better scan range. A scanner is an excellent way to spot targets for very long ranged units like missile crawlers.
  </Description>

  <Production>
    <Built_Costs Num="12"/>
    <Build_As String="BigGroundVehicle"/>
  </Production>

  <Movement>
    <Movement_Sum Num="7"/>
    <Factor_Ground Num="1"/>
  </Movement>

  <Abilities>
    <Armor Num="4"/>
    <Hitpoints Num="24"/>
    <Scan_Range Num="14"/>
    <Can_Be_Captured YN="Yes"/>
    <Can_Be_Disabled YN="Yes"/>
  </Abilities>

  <Storage>
    <Is_Storage_Type String="Ground"/>
  </Storage>
</Unit>
