<?xml version="1.0" encoding="utf-8"?>
<Unit ID="1 32" name="storage-metal">
  <Header>
    <Author name="Someone">
      <Editor name="Someone" time="2007-09-30 13:05:00"/>
    </Author>
    <Game_Version text="0.2.5"/>
  </Header>
  <Description lang="ENG">
    Storage Unit\n\nHolds raw materials. Mining stations produce raw materials ervery turn. To save extra materials, a minig station must be connected to a storage unit.
  </Description>

  <Production>
    <Built_Costs Num="4"/>
    <Build_As String="SmallBuilding"/>
  </Production>

  <Movement>
    <Factor_Ground Num="1"/>
  </Movement>

  <Abilities>
    <Connects_To_Base YN="Yes"/>
    <Armor Num="8"/>
    <Hitpoints Num="14"/>
    <Scan_Range Num="3"/>
    <Can_Self_Destroy YN="Yes"/>
  </Abilities>

  <Storage>
    <Capacity_Resources Num="50"/>
    <Capacity_Res_Type Const="Metal"/>
  </Storage>
</Unit>


