<?xml version="1.0" encoding="utf-8"?>
<Unit ID="1 4" name="connector">
  <Header>
    <Author name="Someone">
      <Editor name="Someone" time="2007-09-30 13:05:00"/>
    </Author>
    <Game_Version text="0.2.5"/>
  </Header>
  <Description lang="ENG">
    Connector\n\nBuildings must be connected to share power, fuel, raw materials ans gold. You can connect buildings by placing them next to each other, or by building connectors from one building to the other.
  </Description>

  <Production>
    <Built_Costs Num="2"/>
    <Build_As String="SmallBuilding"/>
  </Production>

  <Movement>
    <Factor_Ground Num="1"/>
    <Factor_Sea Num="1"/>
    <Factor_Coast Num="1"/>
  </Movement>

  <Abilities>
    <Connects_To_Base YN="Yes"/>
    <Armor Num="8"/>
    <Hitpoints Num="14"/>
    <Scan_Range Num="1"/>
    <Does_Self_Repair YN="Yes"/>
    <Can_Self_Destroy YN="Yes"/>
    <Surface_Position Const="Above"/>

    <Can_Be_Overbuild Const="YesNRemove"/>
  </Abilities>
  
  <Graphic>
    <Has_Overlay YN="No"/>
    <Animations>
      <Build_Up YN="No"/>
      <Movement YN="No"/>
      <Power_On YN="No"/>
    </Animations>
  </Graphic>
</Unit>


