<?xml version="1.0" encoding="utf-8"?>
<Unit ID="1 12" name="shipfactory">
  <Header>
    <Author name="Someone">
      <Editor name="Someone" time="2007-09-30 13:05:00"/>
    </Author>
    <Game_Version text="0.2.5"/>
  </Header>
  <Description lang="ENG">
    Shipyard\n\nShipyards manufacture ships, such as submarines, sea transporters and missile cruisers. A shipyard requires three raw materials a turn to operate, an power.
  </Description>


  <Production>
    <Built_Costs Num="40"/>
    <Can_Build String="Ship"/>
    <Build_As String="BigBuilding"/>
    <Max_Build_Factor Num="3"/>
    <Can_Build_Repeat YN="Yes"/>
    <Builds_Intern YN="Yes"/>
  </Production>

  <Movement>
    <Factor_Sea Num="1"/>
  </Movement>

  <Abilities>
    <Is_Big YN="Yes"/>
    <Connects_To_Base YN="Yes"/>
    <Armor Num="8"/>
    <Hitpoints Num="56"/>
    <Scan_Range Num="3"/>
    <Can_Be_Disabled YN="Yes"/>
    <Does_Self_Repair YN="Yes"/>

    <Needs_Energy Num="1"/>
    <Needs_Metal Num="3"/>

    <Is_Activatable YN="Yes"/>

    <Can_Self_Destroy YN="Yes"/>
  </Abilities>
</Unit>


