<?xml version="1.0" encoding="utf-8"?>
<Unit ID="1 16" name="artillerie">
  <Header>
    <Author name="Someone">
      <Editor name="Someone" time="2007-09-30 13:05:00"/>
    </Author>
    <Game_Version text="0.2.5"/>
  </Header>
  <Description lang="ENG">
    Artillery\n\nHigh powered stationary gun. Artillery is a compromise between the cheap, rugged gun turret and the expensive, long-range missile turret.
  </Description>

  <Weapon>
    <Muzzle_Type Const="Big"/>
    <Ammo_Quantity Num="16"/>
    <Can_Attack Num="6"/>
    <Shots Num="2"/>
    <Range Num="8"/>
    <Damage Num="18"/>
  </Weapon>

  <Production>
    <Built_Costs Num="16"/>
    <Build_As String="SmallBuilding"/>
  </Production>

  <Movement>
    <Factor_Ground Num="1"/>
  </Movement>

  <Abilities>
    <Connects_To_Base YN="Yes"/>
    <Can_Be_Disabled YN="Yes"/>
    <Armor Num="9"/>
    <Hitpoints Num="24"/>
    <Scan_Range Num="4"/>
    <Can_Self_Destroy YN="Yes"/>
  </Abilities>
</Unit>


