<?xml version="1.0" encoding="utf-8"?>
<Unit ID="0 11" name="cargoship">
  <Header>
    <Author name="Someone">
      <Editor name="Someone" time="2007-09-30 13:05:00"/>
    </Author>
    <Game_Version text="0.2.5"/>
  </Header>
  <Description lang="ENG">
    Cargo Ship\n\nShips for hauling raw material. Useful for resupplying pioneers and sea combat units with new ammunition.
  </Description>

  <Production>
    <Built_Costs Num="12"/>
    <Build_As String="Ship"/>
  </Production>

  <Movement>
    <Movement_Sum Num="7"/>
    <Factor_Sea Num="1"/>
    <Factor_Coast Num="1"/>
  </Movement>

  <Abilities>
    <Armor Num="12"/>
    <Hitpoints Num="32"/>
    <Scan_Range Num="3"/>
    <Can_Be_Captured YN="Yes"/>
    <Can_Be_Disabled YN="Yes"/>

    <Can_Rearm YN="Yes"/>
  </Abilities>

  <Storage>
    <Capacity_Resources Num="50"/>
    <Capacity_Res_Type Const="Metal"/>
    <Is_Storage_Type String="Ship"/>
  </Storage>
</Unit>
