<?xml version="1.0" encoding="utf-8"?>
<Unit ID="1 18" name="turret">
  <Header>
    <Author name="Someone">
      <Editor name="Someone" time="2007-09-30 13:05:00"/>
    </Author>
    <Game_Version text="0.2.5"/>
  </Header>
  <Description lang="ENG">
    Gun Turret\n\nHeavily armored stationary gun turret. Gun turrets have good firepower, heavy armor, and moderate range. Because they take little time to build, they are a good choice when you need defense in a hurry.
  </Description>

  <Weapon>
    <Muzzle_Type Const="Med"/>
    <Ammo_Quantity Num="14"/>
    <Can_Attack Num="6"/>
    <Shots Num="2"/>
    <Range Num="6"/>
    <Damage Num="16"/>
  </Weapon>

  <Production>
    <Built_Costs Num="8"/>
    <Build_As String="SmallBuilding"/>
  </Production>

  <Movement>
    <Factor_Ground Num="1"/>
  </Movement>

  <Abilities>
    <Connects_To_Base YN="Yes"/>
    <Can_Be_Disabled YN="Yes"/>
    <Armor Num="12"/>
    <Hitpoints Num="24"/>
    <Scan_Range Num="4"/>
    <Can_Self_Destroy YN="Yes"/>
  </Abilities>
</Unit>


