<?xml version="1.0" encoding="utf-8"?>
<Unit ID="1 2" name="block">
  <Header>
    <Author name="Someone">
      <Editor name="Someone" time="2007-09-30 13:05:00"/>
    </Author>
    <Game_Version text="0.2.5"/>
  </Header>
  <Description lang="ENG">
    Concrete Block\n\nHardened, armored block for blocking enemy movement.
  </Description>

  <Production>
    <Built_Costs Num="2"/>
    <Build_As String="SmallBuilding"/>
  </Production>

  <Movement>
    <Factor_Ground Num="1"/>
  </Movement>

  <Abilities>
    <Connects_To_Base YN="Yes"/>
    <Armor Num="16"/>
    <Hitpoints Num="24"/>
    <Scan_Range Num="1"/>
    <Can_Self_Destroy YN="Yes"/>
  </Abilities>
</Unit>


