<?xml version="1.0" encoding="utf-8"?>
<Unit ID="1 21" name="landmine">
  <Header>
    <Author name="Someone">
      <Editor name="Someone" time="2007-09-30 13:05:00"/>
    </Author>
    <Game_Version text="0.2.5"/>
  </Header>
  <Description lang="ENG">
    Land Mine\n\nSmall, hard to detect explosive device. Only surveyors, minelayers, and infiltratoers can spot mines. Once spotted, almost any damage will destroy it.
  </Description>

  <Weapon>
    <Can_Attack Num="4"/>
    <Damage Num="28"/>
  </Weapon>

  <Movement>
    <Factor_Ground Num="1"/>
  </Movement>

  <Abilities>
    <Armor Num="1"/>
    <Hitpoints Num="2"/>
    <Scan_Range Num="1"/>
    <Can_Self_Destroy YN="Yes"/>
    <Can_Be_Overbuild Const="YesNRemove"/>
    <Is_Stealth_On Num="32"/>
    <Surface_Position Const="AboveBase"/>
    <Explodes_On_Contact YN="Yes"/>
  </Abilities>
</Unit>


