<?xml version="1.0" encoding="utf-8"?>
<Unit ID="0 25" name="repair">
  <Header>
    <Author name="Someone">
      <Editor name="Someone" time="2007-09-30 13:05:00"/>
    </Author>
    <Game_Version text="0.2.5"/>
  </Header>
  <Description lang="ENG">
    Repair Unit\n\nLight vehicle which can rapidly repair ground units and buildings. Repairs require materials. The most extensive the damage, the more materials the repair requires. Depots, docks, hangars and barracks can also repair units.
  </Description>

  <Production>
    <Built_Costs Num="15"/>
    <Build_As String="SmallGroundVehicle"/>
  </Production>

  <Movement>
    <Movement_Sum Num="7"/>
    <Factor_Ground Num="1"/>
  </Movement>

  <Abilities>
    <Armor Num="4"/>
    <Hitpoints Num="20"/>
    <Scan_Range Num="3"/>
    <Can_Be_Captured YN="Yes"/>
    <Can_Be_Disabled YN="Yes"/>

    <Can_Repair YN="Yes"/>
  </Abilities>

  <Storage>
    <Capacity_Resources Num="30"/>
    <Capacity_Res_Type Const="Metal"/>
    <Is_Storage_Type String="Ground"/>
  </Storage>
</Unit>
