<?xml version="1.0" encoding="utf-8"?>
<Unit ID="0 12" name="cluster">
  <Header>
    <Author name="Someone">
    <Editor name="Rocky" time="2007-10-21 11:00:00"/>
    <Editor name="Someone" time="2007-09-30 13:05:00"/>
    </Author>
    <Game_Version text="00.00.00.00"/>
  </Header>
  <Description lang="ENG">
    Rocket Launcher\n\nLightly armored vehicle firing medium-range rockets which affect all units within 2 squares of the target. Most effective against groups of enemy units.
  </Description>

  <Weapon>
    <Muzzle_Type Const="Rocket_Cluster"/>
    <Ammo_Quantity Num="16"/>
    <Can_Attack Num="6"/>
    <Shots Num="2"/>
    <Range Num="8"/>
    <Damage Num="15"/>
  </Weapon>

  <Production>
    <Built_Costs Num="24"/>
    <Build_As String="BigGroundVehicle"/>
  </Production>

  <Movement>
    <Movement_Sum Num="6"/>
    <Factor_Ground Num="1"/>
  </Movement>

  <Abilities>
    <Armor Num="4"/>
    <Hitpoints Num="24"/>
    <Scan_Range Num="4"/>
    <Can_Be_Captured YN="Yes"/>
    <Can_Be_Disabled YN="Yes"/>
  </Abilities>

  <Storage>
    <Is_Storage_Type String="Ground"/>
  </Storage>
</Unit>
