<?xml version="1.0" encoding="utf-8"?>
<Unit ID="0 19" name="konstrukt">
  <Header>
    <Author name="Someone">
      <Editor name="Someone" time="2007-09-30 13:05:00"/>
    </Author>
    <Game_Version text="0.2.5"/>
  </Header>
  <Description lang="ENG">
    Constructor\n\nLarge construction vehicle for creating large buildings, such as mines and factories. A constructor consumes two materials per turn while operating.
  </Description>
  
  <Production>
    <Built_Costs Num="24"/>
    <Can_Build String="BigBuilding"/>
    <Build_As String="BigGroundVehicle"/>
    <Max_Build_Factor Num="3"/>
  </Production>

  <Movement>
    <Movement_Sum Num="6"/>
    <Factor_Ground Num="1"/>
    <Factor_Sea Num="3"/>
    <Factor_Coast Num="1"/>
  </Movement>

  <Abilities>
    <Armor Num="6"/>
    <Hitpoints Num="24"/>
    <Scan_Range Num="3"/>
    <Can_Be_Captured YN="Yes"/>
    <Can_Be_Disabled YN="Yes"/>
    <Needs_Metal Num="2"/>
  </Abilities>

  <Storage>
    <Capacity_Resources Num="60"/>
    <Capacity_Res_Type Const="Metal"/>
    <Is_Storage_Type String="Ground"/>
  </Storage>
</Unit>
