<?xml version="1.0" encoding="utf-8"?>
<BuildingsData>
	<Header>
		<Author name="DoctorDeath">
			<Editor name="DoctorDeath"/>
		</Author>
		<Version text="00.00.01"/>
		<Last_Change time="2007-10-03 21:05:00"/>
	</Header>
	<Buildings>
    <!-- There have to be set 6 special buildings by adding a "special"-Attrbut.  -->
    <!-- The Vales have to be:                                                    -->
    <!--  - "mine",                                                               -->
    <!--  - "energy",                                                             -->
    <!--  - "connector",                                                          -->
    <!--  - "landmine",                                                           -->
    <!--  - "seamine" or                                                          -->
    <!--  - "smallBeton"                                                          -->
    
    <Storage_Metal directory="storage_metal" num="32"/>
    <Storage_Oil directory="storage_oil" num="33"/>
    <Storage_Gold directory="storage_gold" num="31"/>
    <Energy_Small directory="energy_small" num="8" special="energy"/>
    <Connector directory="connector" num="4" special="connector"/>
    <Radar directory="radar" num="26"/>
    <Gun_Turret directory="gun_turret" num="18"/>
    <Gun_AA directory="gun_aa" num="15"/>
    <Gun_Ari directory="gun_ari" num="16"/>
    <Gun_Missel directory="gun_missel" num="17"/>
    <Pad directory="pad" num="24"/>
    <Bridge directory="bridge" num="3"/>
    <Platform directory="platform" num="25"/>
    <Block directory="block" num="2"/>
    <Road directory="road" num="28" special="smallBeton"/>
    <Landmine directory="landmine" num="21" special="landmine"/>
    <Seamine directory="seamine" num="29" special="seamine"/>
    <Mine directory="mine" num="22" special="mine"/>
    <Energy_Big directory="energy_big" num="7"/>
    <Factory_Small directory="fac_small" num="13"/>
    <Factory_Big directory="fac_big" num="11"/>
    <Factory_Air directory="fac_air" num="9"/>
    <Factory_Ship directory="fac_ship" num="12"/>
    <Goldraffinery directory="goldraff" num="14"/>
    <Depot directory="depot" num="5"/>
    <Hangar directory="hangar" num="20"/>
    <Dock directory="dock" num="6"/>
    <Habitat directory="habitat" num="19"/>
    <Research directory="research" num="27"/>
    <Training directory="training" num="34"/>
    <Barracks directory="barracks" num="1"/>
    <!--<Factory_Alien directory="fac_alien" num="10"/>-->
    <Ecosphere directory="ecosphere" num="35"/>
  </Buildings>
</BuildingsData>

