<?xml version="1.0" encoding="utf-8"?>
<Unit ID="0 23" name="mobile_aa">
  <Header>
    <Author name="Someone">
      <Editor name="Someone" time="2007-09-30 13:05:00"/>
    </Author>
    <Game_Version text="0.2.5"/>
  </Header>
  <Description lang="ENG">
    Mobile Anti Aircraft\n\nLight, fast vehicle with a rapid fire cannon for shooting down enemy planes. Mobile anti aircraft are generally defensive units, because they aren't as fast as planes, and can't move while firing. Use them to protect an area once your fighters have chased away enemy ground attack planes.
  </Description>

  <Weapon>
    <Muzzle_Type Const="Med_Long"/>
    <Ammo_Quantity Num="10"/>
    <Can_Attack Num="1"/>
    <Shots Num="1"/>
    <Range Num="7"/>
    <Damage Num="22"/>
  </Weapon>

  <Production>
    <Built_Costs Num="18"/>
    <Build_As String="SmallGroundVehicle"/>
  </Production>

  <Movement>
    <Movement_Sum Num="7"/>
    <Factor_Ground Num="1"/>
  </Movement>

  <Abilities>
    <Armor Num="4"/>
    <Hitpoints Num="24"/>
    <Scan_Range Num="4"/>
    <Can_Be_Captured YN="Yes"/>
    <Can_Be_Disabled YN="Yes"/>
  </Abilities>

  <Storage>
    <Is_Storage_Type String="Ground"/>
  </Storage>
</Unit>
