<?xml version="1.0" encoding="utf-8"?>
<Unit ID="0 28" name="sea_minelayer">
  <Header>
    <Author name="Someone">
      <Editor name="Someone" time="2007-09-30 13:05:00"/>
    </Author>
    <Game_Version text="0.2.5"/>
  </Header>
  <Description lang="ENG">
    Sea Mine Layer\n\nSeaborne version of the minelayer. Like its land based counterpart, the sea minelayer can manufracture mines, detect them, and convert them back into raw material.
  </Description>

  <Production>
    <Built_Costs Num="18"/>
    <Build_As String="Ship"/>
  </Production>

  <Movement>
    <Movement_Sum Num="9"/>
    <Factor_Sea Num="1"/>
  </Movement>

  <Abilities>
    <Armor Num="8"/>
    <Hitpoints Num="28"/>
    <Scan_Range Num="4"/>
    <Can_Be_Captured YN="Yes"/>
    <Can_Be_Disabled YN="Yes"/>
    <Can_Detect_Mines YN="Yes"/>
    <Can_Place_Mines YN="Yes"/>
    <Can_Detect_Stealth_On Num="32"/>
  </Abilities>

  <Storage>
    <Capacity_Resources Num="16"/>
    <Capacity_Res_Type Const="Metal"/>
    <Is_Storage_Type String="Ship"/>
  </Storage>
</Unit>
